ano_mes,cmv,custo_medio,custo_medio_anterior,custo_unitario,despesas,estoque_final,estoque_inicial,faturamento,margem_bruta,preco_medio,producao,saldo_final,vendas_qtd
2025-01,840000.0,933.3333333333334,950.0,900.0,800.0,600.0,1000.0,900000.0,60000.0,1000.0,500.0,899200.0,900.0
2025-02,226284.0,654.0,654.0,654.0,984.0,254.0,0.0,5664.0,-220620.0,16.36994219653179,600.0,4680.0,346.0
